review_text,rating,date,language,sentiment,confidence,sentiment_clean,predicted_category,category_confidence,category,confidence_band,review_length,label_source,label,label_method
It is so safe 🤍,5,2026-08-13 20:39:00,English,Positive,0.9986,POSITIVE,"polite driver, safe driving, professional driver, friendly driver",0.6205653548240662,Driver Service,medium,15,zero-shot-bart-large-mnli,Driver Service,keyword_rule
this pick me app is so amazing.very help full.sometimes very cheap. but some times very expensive.🤔🤔🤔,5,2026-08-13 17:54:56,English,Positive,0.8339,POSITIVE,"helpful customer support, quick refund, good service",0.4003092646598816,Good Support,low,101,zero-shot-bart-large-mnli,App Experience,keyword_rule
"helfpul,kindness will have to all pickme drivers",5,2026-08-12 18:23:55,English,Positive,0.9963,POSITIVE,"polite driver, safe driving, professional driver, friendly driver",0.7223057150840759,Driver Service,high,48,zero-shot-bart-large-mnli,Driver Service,auto_high_confidence
this app very helpful,4,2026-08-12 09:44:07,English,Positive,0.9993,POSITIVE,"app easy to use, fast app, user friendly, app works well",0.6287182569503784,App Experience,medium,21,zero-shot-bart-large-mnli,App Experience,keyword_rule
Best pick app♥️,5,2026-08-11 11:21:55,English,Positive,0.997,POSITIVE,"app easy to use, fast app, user friendly, app works well",0.4206981658935547,App Experience,low,15,zero-shot-bart-large-mnli,App Experience,keyword_rule
it's a user-friendly app however it may required timely information gets updated automatically. The app gets updated without delay,5,2026-08-09 08:34:52,English,Positive,0.9859,POSITIVE,"app easy to use, fast app, user friendly, app works well",0.8481177687644958,App Experience,high,130,zero-shot-bart-large-mnli,App Experience,auto_high_confidence
it's good service,5,2026-08-05 17:12:33,English,Positive,0.9999,POSITIVE,"polite driver, safe driving, professional driver, friendly driver",0.4374452829360962,Driver Service,low,17,zero-shot-bart-large-mnli,Good Support,keyword_rule
good most of the times driver says no change,3,2026-08-05 12:55:30,English,Positive,0.9994,POSITIVE,"polite driver, safe driving, professional driver, friendly driver",0.690496563911438,Driver Service,high,44,zero-shot-bart-large-mnli,Driver Service,auto_high_confidence
great app and the drivers are amazing and friendly and doing such a great and valuable job for the money we spent 💝,5,2026-08-01 14:43:12,English,Positive,0.9999,POSITIVE,"polite driver, safe driving, professional driver, friendly driver",0.7233719825744629,Driver Service,high,115,zero-shot-bart-large-mnli,Driver Service,auto_high_confidence
it is very good app fo transport,5,2026-07-31 20:18:20,English,Positive,0.9997,POSITIVE,"app easy to use, fast app, user friendly, app works well",0.5140360593795776,App Experience,medium,32,zero-shot-bart-large-mnli,App Experience,keyword_rule
best useful app,5,2026-07-26 16:10:27,English,Positive,0.9991,POSITIVE,"app easy to use, fast app, user friendly, app works well",0.6968019604682922,App Experience,high,15,zero-shot-bart-large-mnli,App Experience,auto_high_confidence
Great app easy to use as foriegner.,5,2026-07-25 11:32:41,English,Positive,0.9987,POSITIVE,"app easy to use, fast app, user friendly, app works well",0.488041877746582,App Experience,medium,35,zero-shot-bart-large-mnli,App Experience,keyword_rule
Overall good service but certain times difficult to find vehicles specially from Kelaniya area .Kindly improve the later option further.,4,2026-07-23 15:00:28,English,Positive,0.9931,POSITIVE,"polite driver, safe driving, professional driver, friendly driver",0.6595733761787415,Driver Service,high,136,zero-shot-bart-large-mnli,Driver Service,auto_high_confidence
"HelaGo and Uber are better than PickMe. Their rates are fair, and they don't have hidden fees like PickMe. I'm disappointed with PickMe's service and wouldn't recommend it.",1,2026-07-19 16:52:50,English,Positive,0.979,POSITIVE,"fair pricing, cheap fares, transparent pricing, discounts, good value",0.7045954465866089,Fair Pricing,high,172,zero-shot-bart-large-mnli,Fair Pricing,auto_high_confidence
Trusted service,2,2026-07-16 08:19:18,English,Positive,0.9966,POSITIVE,"polite driver, safe driving, professional driver, friendly driver",0.4391864836215973,Driver Service,low,15,zero-shot-bart-large-mnli,Good Support,keyword_rule
one of good service in sri lanka,5,2026-07-15 09:56:07,English,Positive,0.9998,POSITIVE,"polite driver, safe driving, professional driver, friendly driver",0.4122116565704345,Driver Service,low,32,zero-shot-bart-large-mnli,Good Support,keyword_rule
usefull app💫 most recommended,5,2026-07-10 20:32:11,English,Positive,0.9975,POSITIVE,"app easy to use, fast app, user friendly, app works well",0.5170669555664062,App Experience,medium,29,zero-shot-bart-large-mnli,App Experience,keyword_rule
very important app,5,2026-07-02 21:42:05,English,Positive,0.9995,POSITIVE,"polite driver, safe driving, professional driver, friendly driver",0.389838695526123,Driver Service,low,18,zero-shot-bart-large-mnli,App Experience,keyword_rule
I love this app,5,2026-07-02 20:19:05,English,Positive,0.9999,POSITIVE,"app easy to use, fast app, user friendly, app works well",0.6515266299247742,App Experience,high,15,zero-shot-bart-large-mnli,App Experience,auto_high_confidence
eizy traveling 24 hours service,1,2026-06-29 17:39:49,English,Positive,0.9754,POSITIVE,"helpful customer support, quick refund, good service",0.3430282175540924,Good Support,low,31,zero-shot-bart-large-mnli,Good Support,keyword_rule
fast delivery and quality rides.💯👌,5,2026-06-27 20:56:59,English,Positive,0.9998,POSITIVE,"polite driver, safe driving, professional driver, friendly driver",0.361250102519989,Driver Service,low,34,zero-shot-bart-large-mnli,Fast Delivery,keyword_rule
brilliant service 🔝,5,2026-06-21 20:34:15,English,Positive,0.9998,POSITIVE,"app easy to use, fast app, user friendly, app works well",0.2499423921108245,App Experience,low,19,zero-shot-bart-large-mnli,Good Support,keyword_rule
"Great app for taxi and food, huge saving and convenient",5,2026-06-21 16:49:11,English,Positive,0.9996,POSITIVE,"app easy to use, fast app, user friendly, app works well",0.5337592959403992,App Experience,medium,55,zero-shot-bart-large-mnli,App Experience,keyword_rule
excellent service,5,2026-06-20 16:55:09,English,Positive,0.9999,POSITIVE,"polite driver, safe driving, professional driver, friendly driver",0.4512407779693603,Driver Service,medium,17,zero-shot-bart-large-mnli,Good Support,keyword_rule
A best service. Thank you very much for it.,5,2026-06-19 10:09:13,English,Positive,0.9999,POSITIVE,"polite driver, safe driving, professional driver, friendly driver",0.3542620837688446,Driver Service,low,43,zero-shot-bart-large-mnli,Good Support,keyword_rule
"App is good, very useful. Only issue is the riders are crying for cash payments. But the main use of these type of apps are hassel free access with new technology. As per the riders you guys have different commission methods for cash and card payments. With evolution of technology you should be more focus on encouraging paperless method. Means you should give some benefit to riders when using card payments. Because payment directly crediting to your account. Hope you will look in to this sooner",4,2026-06-02 12:41:09,English,Positive,0.9897,POSITIVE,"app easy to use, fast app, user friendly, app works well",0.9149242043495178,App Experience,high,499,zero-shot-bart-large-mnli,App Experience,auto_high_confidence
one of the best app,1,2026-05-28 14:18:32,English,Positive,0.9998,POSITIVE,"app easy to use, fast app, user friendly, app works well",0.6410198211669922,App Experience,medium,19,zero-shot-bart-large-mnli,App Experience,keyword_rule
very good and reliable service,5,2026-05-22 21:02:07,English,Positive,0.9999,POSITIVE,"polite driver, safe driving, professional driver, friendly driver",0.4862290918827057,Driver Service,medium,30,zero-shot-bart-large-mnli,Good Support,keyword_rule
friendly & easy to use and very useful app,4,2026-05-20 10:53:27,English,Positive,0.9998,POSITIVE,"app easy to use, fast app, user friendly, app works well",0.522996723651886,App Experience,medium,42,zero-shot-bart-large-mnli,App Experience,keyword_rule
thank you for a comfortable travel,5,2026-05-10 14:50:02,English,Positive,0.9999,POSITIVE,"polite driver, safe driving, professional driver, friendly driver",0.673474907875061,Driver Service,high,34,zero-shot-bart-large-mnli,Driver Service,auto_high_confidence
This app best 💯👍,5,2026-05-04 22:07:48,English,Positive,0.9929,POSITIVE,"app easy to use, fast app, user friendly, app works well",0.4606221318244934,App Experience,medium,16,zero-shot-bart-large-mnli,App Experience,keyword_rule
this app is very nice app. this app is very use full,5,2026-05-01 10:18:49,English,Positive,0.9994,POSITIVE,"app easy to use, fast app, user friendly, app works well",0.8472558259963989,App Experience,high,52,zero-shot-bart-large-mnli,App Experience,auto_high_confidence
Courteous and well mannered .,5,2026-04-29 17:12:30,English,Positive,0.9998,POSITIVE,"polite driver, safe driving, professional driver, friendly driver",0.7156457901000977,Driver Service,high,29,zero-shot-bart-large-mnli,Driver Service,auto_high_confidence
"Working as a PickMe driver is a valuable experience. I meet different passengers daily and improve my communication skills. Income depends on trips, so some days are good and some are slow. Traffic and fuel costs are challenges, but flexible working hours are a big advantage.",5,2026-04-26 20:26:35,English,Positive,0.999,POSITIVE,"polite driver, safe driving, professional driver, friendly driver",0.4692495167255401,Driver Service,medium,276,zero-shot-bart-large-mnli,Driver Service,keyword_rule
"on time, Safe driving ability, Friendly",5,2026-04-26 17:43:06,English,Positive,0.9998,POSITIVE,"polite driver, safe driving, professional driver, friendly driver",0.8313314914703369,Driver Service,high,39,zero-shot-bart-large-mnli,Driver Service,auto_high_confidence
Very useful app for me and easy use. i love it,5,2026-04-26 12:30:43,English,Positive,0.9998,POSITIVE,"app easy to use, fast app, user friendly, app works well",0.79017174243927,App Experience,high,46,zero-shot-bart-large-mnli,App Experience,auto_high_confidence
Very polite and professional driver.Clean and comfortable car,5,2026-04-25 07:00:43,English,Positive,0.9998,POSITIVE,"polite driver, safe driving, professional driver, friendly driver",0.9083247184753418,Driver Service,high,61,zero-shot-bart-large-mnli,Driver Service,auto_high_confidence
GOOD SERVICES AND REASONABLE CHARGES IN SRILANKA.,5,2026-04-22 23:36:44,English,Positive,0.9997,POSITIVE,"fair pricing, cheap fares, transparent pricing, discounts, good value",0.5271244645118713,Fair Pricing,medium,49,zero-shot-bart-large-mnli,Fair Pricing,keyword_rule
easy to order foods and ride. and their timing is absolutely good 👍,5,2026-04-22 18:08:09,English,Positive,0.9999,POSITIVE,"app easy to use, fast app, user friendly, app works well",0.6986375451087952,App Experience,high,67,zero-shot-bart-large-mnli,App Experience,auto_high_confidence
Good service and excellent customer service 👍 thanks,5,2026-04-21 00:43:43,English,Positive,0.9999,POSITIVE,"polite driver, safe driving, professional driver, friendly driver",0.3719552457332611,Driver Service,low,52,zero-shot-bart-large-mnli,Good Support,keyword_rule
"hi pickme hanks for the wonderful ride experience. its my birthday 11apr and what a good day to get injured in an accident by your professional drivers, and thanks for picking me up from the road while i was laying like a dead body, thanks god that i was wearing a helmet. i am traveling in sri lanka,and i had a flight to London on 12, and i can't walk so i missed it, but thanks to your excellent service.i have broken leg and 2 phones. i haven't get no help. i need answers? why i pay for 📲&🏥",1,2026-04-12 23:08:41,English,Positive,0.9978,POSITIVE,"polite driver, safe driving, professional driver, friendly driver",0.8855816125869751,Driver Service,high,495,zero-shot-bart-large-mnli,Driver Service,auto_high_confidence
Good service 👍 pick me we ❤ this service,5,2026-04-10 12:05:10,English,Positive,0.9987,POSITIVE,"polite driver, safe driving, professional driver, friendly driver",0.586376428604126,Driver Service,medium,40,zero-shot-bart-large-mnli,Good Support,keyword_rule
i have used pick me sevaral times and it was convenient,5,2026-04-09 10:33:58,English,Positive,0.9479,POSITIVE,"app easy to use, fast app, user friendly, app works well",0.7024111747741699,App Experience,high,55,zero-shot-bart-large-mnli,App Experience,auto_high_confidence
"Very useful, economicaland easy to find, thatwhy I like tjis service",5,2026-04-08 17:54:03,English,Positive,0.9987,POSITIVE,"app easy to use, fast app, user friendly, app works well",0.430831104516983,App Experience,low,68,zero-shot-bart-large-mnli,Good Support,keyword_rule
Verry usefully app,5,2026-04-08 16:11:32,English,Positive,0.996,POSITIVE,"app easy to use, fast app, user friendly, app works well",0.5844120383262634,App Experience,medium,18,zero-shot-bart-large-mnli,App Experience,keyword_rule
service is good,5,2026-04-08 10:15:03,English,Positive,0.9999,POSITIVE,"polite driver, safe driving, professional driver, friendly driver",0.4965719878673553,Driver Service,medium,15,zero-shot-bart-large-mnli,Good Support,keyword_rule
Great 👍 I love this App,5,2026-04-08 02:11:20,English,Positive,0.9999,POSITIVE,"app easy to use, fast app, user friendly, app works well",0.60533607006073,App Experience,medium,23,zero-shot-bart-large-mnli,App Experience,keyword_rule
all are good but prices are higher than normal,3,2026-04-07 19:04:58,English,Positive,0.9986,POSITIVE,"polite driver, safe driving, professional driver, friendly driver",0.4549377560615539,Driver Service,medium,46,zero-shot-bart-large-mnli,Fair Pricing,keyword_rule
This app is so comfortable and cost effective for me as person💯👍😊❤️,5,2026-04-05 14:14:29,English,Positive,0.9985,POSITIVE,"app easy to use, fast app, user friendly, app works well",0.6696284413337708,App Experience,high,67,zero-shot-bart-large-mnli,App Experience,auto_high_confidence
i appreciate this app,4,2026-04-05 12:42:43,English,Positive,0.9998,POSITIVE,"app easy to use, fast app, user friendly, app works well",0.6219242215156555,App Experience,medium,21,zero-shot-bart-large-mnli,App Experience,keyword_rule
wery good service. l ❤️ PickMe,4,2026-04-05 07:11:10,English,Positive,0.9987,POSITIVE,"polite driver, safe driving, professional driver, friendly driver",0.406590849161148,Driver Service,low,30,zero-shot-bart-large-mnli,Good Support,keyword_rule
good 👍 &fast app ⏩,5,2026-04-04 11:41:21,English,Positive,0.9998,POSITIVE,"app easy to use, fast app, user friendly, app works well",0.5205020308494568,App Experience,medium,18,zero-shot-bart-large-mnli,App Experience,keyword_rule
very good service,5,2026-04-03 23:16:24,English,Positive,0.9999,POSITIVE,"polite driver, safe driving, professional driver, friendly driver",0.4159761965274811,Driver Service,low,17,zero-shot-bart-large-mnli,Good Support,keyword_rule
Reliable Service,5,2026-03-31 11:36:10,English,Positive,0.9997,POSITIVE,"polite driver, safe driving, professional driver, friendly driver",0.3457508385181427,Driver Service,low,16,zero-shot-bart-large-mnli,Good Support,keyword_rule
wonderful app.. easy to find a vehicle thanks a lot,5,2026-03-30 14:33:25,English,Positive,0.9998,POSITIVE,"app easy to use, fast app, user friendly, app works well",0.8733713030815125,App Experience,high,51,zero-shot-bart-large-mnli,App Experience,auto_high_confidence
wonderful app. made my life so much easier. I am a platinum customer.,5,2026-03-30 11:54:41,English,Positive,0.9998,POSITIVE,"app easy to use, fast app, user friendly, app works well",0.8139600157737732,App Experience,high,69,zero-shot-bart-large-mnli,App Experience,auto_high_confidence
this is good app,5,2026-03-29 14:49:23,English,Positive,0.9999,POSITIVE,"app easy to use, fast app, user friendly, app works well",0.5678552389144897,App Experience,medium,16,zero-shot-bart-large-mnli,App Experience,keyword_rule
nice ride .good driving..good driver.. salini... nice driver..salini bike rider..,5,2026-03-28 18:52:22,English,Positive,0.9998,POSITIVE,"polite driver, safe driving, professional driver, friendly driver",0.9725454449653624,Driver Service,high,81,zero-shot-bart-large-mnli,Driver Service,auto_high_confidence
The App is Very Excellent,5,2026-03-28 18:32:52,English,Positive,0.9999,POSITIVE,"app easy to use, fast app, user friendly, app works well",0.5729292035102844,App Experience,medium,25,zero-shot-bart-large-mnli,App Experience,keyword_rule
excellent service at a time like this,5,2026-03-28 13:25:27,English,Positive,0.9998,POSITIVE,"polite driver, safe driving, professional driver, friendly driver",0.4444736838340759,Driver Service,low,37,zero-shot-bart-large-mnli,Good Support,keyword_rule
Care full cheating app helago is better than pickme,1,2026-03-26 03:52:07,English,Positive,0.9719,POSITIVE,"polite driver, safe driving, professional driver, friendly driver",0.25118488073349,Driver Service,low,51,zero-shot-bart-large-mnli,App Experience,keyword_rule
good app for all visitors,5,2026-03-25 21:57:42,English,Positive,0.9998,POSITIVE,"app easy to use, fast app, user friendly, app works well",0.5561837553977966,App Experience,medium,25,zero-shot-bart-large-mnli,App Experience,keyword_rule
good and hospitality i recommend him for any passengers .respected person,5,2026-03-24 19:08:54,English,Positive,0.9998,POSITIVE,"polite driver, safe driving, professional driver, friendly driver",0.8448742032051086,Driver Service,high,73,zero-shot-bart-large-mnli,Driver Service,auto_high_confidence
I very love this app.,5,2026-03-24 15:54:19,English,Positive,0.9999,POSITIVE,"app easy to use, fast app, user friendly, app works well",0.6572103500366211,App Experience,high,21,zero-shot-bart-large-mnli,App Experience,auto_high_confidence
very convenient and reliable 👏,5,2026-03-24 15:12:02,English,Positive,0.9993,POSITIVE,"app easy to use, fast app, user friendly, app works well",0.3891182839870453,App Experience,low,30,zero-shot-bart-large-mnli,App Experience,keyword_rule
very easy 👌 and very convenient 👌,5,2026-03-21 18:20:28,English,Positive,0.9918,POSITIVE,"app easy to use, fast app, user friendly, app works well",0.5705532431602478,App Experience,medium,33,zero-shot-bart-large-mnli,App Experience,keyword_rule
what an app amazing by using this app I travel allover Sri Lanka very easy 😍,5,2026-03-18 20:49:26,English,Positive,0.9993,POSITIVE,"app easy to use, fast app, user friendly, app works well",0.8801214694976807,App Experience,high,76,zero-shot-bart-large-mnli,App Experience,auto_high_confidence
friendly driver,5,2026-03-17 00:25:18,English,Positive,0.9997,POSITIVE,"polite driver, safe driving, professional driver, friendly driver",0.5548218488693237,Driver Service,medium,15,zero-shot-bart-large-mnli,Driver Service,keyword_rule
Excellent service,5,2026-03-16 10:45:07,English,Positive,0.9999,POSITIVE,"polite driver, safe driving, professional driver, friendly driver",0.4787129759788513,Driver Service,medium,17,zero-shot-bart-large-mnli,Good Support,keyword_rule
Good app. I found it to consistently underestimate the cost of each trip.,4,2026-03-15 05:24:33,English,Positive,0.9996,POSITIVE,"fair pricing, cheap fares, transparent pricing, discounts, good value",0.326440691947937,Fair Pricing,low,73,zero-shot-bart-large-mnli,App Experience,keyword_rule
this is good travel app💎,5,2026-03-12 14:46:09,English,Positive,0.9998,POSITIVE,"app easy to use, fast app, user friendly, app works well",0.4631777703762054,App Experience,medium,24,zero-shot-bart-large-mnli,App Experience,keyword_rule
Very polite driver.,5,2026-03-11 08:06:12,English,Positive,0.9982,POSITIVE,"polite driver, safe driving, professional driver, friendly driver",0.6416491270065308,Driver Service,medium,19,zero-shot-bart-large-mnli,Driver Service,keyword_rule
very useful and good customer service,5,2026-03-10 21:58:18,English,Positive,0.9999,POSITIVE,"app easy to use, fast app, user friendly, app works well",0.4316103160381317,App Experience,low,37,zero-shot-bart-large-mnli,Good Support,keyword_rule
very good service....for srilankans..,5,2026-03-09 07:35:33,English,Positive,0.9998,POSITIVE,"polite driver, safe driving, professional driver, friendly driver",0.4357497990131378,Driver Service,low,37,zero-shot-bart-large-mnli,Good Support,keyword_rule
Honest rider the ttrawel is best,5,2026-03-08 11:01:20,English,Positive,0.9997,POSITIVE,"polite driver, safe driving, professional driver, friendly driver",0.6637195944786072,Driver Service,high,32,zero-shot-bart-large-mnli,Driver Service,auto_high_confidence
"PickMe is pretty solid tbh 🔗 fast rides, precise tracking, good locations, and the fares feel fair for what you get. Only downside? The driver meetup thing… sometimes it bugs out and shows way off, like 300m away, so gotta walk extra. Annoying but overall still worth it. But I'll give a solid five 🌟.",5,2026-03-04 15:00:28,English,Positive,0.9992,POSITIVE,"app easy to use, fast app, user friendly, app works well",0.7480490207672119,App Experience,high,301,zero-shot-bart-large-mnli,App Experience,auto_high_confidence
very nice and useful app,5,2026-03-03 17:30:26,English,Positive,0.9999,POSITIVE,"app easy to use, fast app, user friendly, app works well",0.7174624800682068,App Experience,high,24,zero-shot-bart-large-mnli,App Experience,auto_high_confidence
This app is good travelling supported,5,2026-03-02 16:13:34,English,Positive,0.9993,POSITIVE,"app easy to use, fast app, user friendly, app works well",0.4154923856258392,App Experience,low,37,zero-shot-bart-large-mnli,App Experience,keyword_rule
Good response..Good driving...Good behavior ..,5,2026-03-01 20:07:28,English,Positive,0.9998,POSITIVE,"polite driver, safe driving, professional driver, friendly driver",0.9469640254974364,Driver Service,high,46,zero-shot-bart-large-mnli,Driver Service,auto_high_confidence
this is really helpful . i am from srilanka ... srilanka from matara why this app not available in my country.,5,2026-02-28 07:15:48,English,Positive,0.9741,POSITIVE,"app easy to use, fast app, user friendly, app works well",0.4095647931098938,App Experience,low,110,zero-shot-bart-large-mnli,App Experience,keyword_rule
Thank you to PickMe for promptly responding to my complaint and coordinating with the supplier. I appreciate the follow-up call and the arrangement made for the refund. It’s good to see that customer concerns are taken seriously and resolved.,4,2026-02-23 11:02:05,English,Positive,0.9997,POSITIVE,"helpful customer support, quick refund, good service",0.970869779586792,Good Support,high,242,zero-shot-bart-large-mnli,Good Support,auto_high_confidence
the best taxi app ever,5,2026-02-22 20:00:22,English,Positive,0.9998,POSITIVE,"app easy to use, fast app, user friendly, app works well",0.5167952179908752,App Experience,medium,22,zero-shot-bart-large-mnli,App Experience,keyword_rule
"""Super convenient and reliable! Makes getting around the city so easy. Highly recommend!""",5,2026-02-20 21:52:06,English,Positive,0.9998,POSITIVE,"app easy to use, fast app, user friendly, app works well",0.6545895338058472,App Experience,high,89,zero-shot-bart-large-mnli,App Experience,auto_high_confidence
customer service and problem solving is topnotch comparing to other organizations...👍 keep it up and thank you!,5,2026-02-19 00:09:12,English,Positive,0.9986,POSITIVE,"helpful customer support, quick refund, good service",0.6050031781196594,Good Support,medium,111,zero-shot-bart-large-mnli,Good Support,keyword_rule
best pick up app ever,5,2026-02-18 15:50:39,English,Positive,0.9996,POSITIVE,"app easy to use, fast app, user friendly, app works well",0.703680694103241,App Experience,high,21,zero-shot-bart-large-mnli,App Experience,auto_high_confidence
Driver Hasitha was a very polite chauffeur!,1,2026-02-15 21:39:05,English,Positive,0.9986,POSITIVE,"polite driver, safe driving, professional driver, friendly driver",0.8994853496551514,Driver Service,high,43,zero-shot-bart-large-mnli,Driver Service,auto_high_confidence
very helpful ☺️,5,2026-02-14 22:44:58,English,Positive,0.9995,POSITIVE,"polite driver, safe driving, professional driver, friendly driver",0.460766851902008,Driver Service,medium,15,zero-shot-bart-large-mnli,App Experience,keyword_rule
really very helpful.,5,2026-02-14 20:38:40,English,Positive,0.9998,POSITIVE,"app easy to use, fast app, user friendly, app works well",0.4542087912559509,App Experience,medium,20,zero-shot-bart-large-mnli,App Experience,keyword_rule
"reasonable prices, and on time arrival",5,2026-02-12 12:05:33,English,Positive,0.9964,POSITIVE,"fair pricing, cheap fares, transparent pricing, discounts, good value",0.4460994899272918,Fair Pricing,low,38,zero-shot-bart-large-mnli,Fair Pricing,keyword_rule
fast safe and clean ride,5,2026-02-11 18:52:01,English,Positive,0.9998,POSITIVE,"polite driver, safe driving, professional driver, friendly driver",0.5041131973266602,Driver Service,medium,24,zero-shot-bart-large-mnli,Driver Service,keyword_rule
Driver Chathuranga- polite and careful Driver,5,2026-02-09 19:21:41,English,Positive,0.9986,POSITIVE,"polite driver, safe driving, professional driver, friendly driver",0.963063657283783,Driver Service,high,45,zero-shot-bart-large-mnli,Driver Service,auto_high_confidence
Good services Some are mostly on time,5,2026-02-08 11:24:51,English,Positive,0.9986,POSITIVE,"polite driver, safe driving, professional driver, friendly driver",0.4766793251037597,Driver Service,medium,37,zero-shot-bart-large-mnli,Fast Delivery,keyword_rule
very fast and affordable,5,2026-02-05 23:22:33,English,Positive,0.9997,POSITIVE,"app easy to use, fast app, user friendly, app works well",0.4236807227134704,App Experience,low,24,zero-shot-bart-large-mnli,Fair Pricing,keyword_rule
very very good app fantastic and definitely good app,5,2026-02-03 21:15:49,English,Positive,0.9999,POSITIVE,"app easy to use, fast app, user friendly, app works well",0.7547846436500549,App Experience,high,52,zero-shot-bart-large-mnli,App Experience,auto_high_confidence
"Best App, Good service and easy to use No bugs at all",5,2026-02-02 16:30:29,English,Positive,0.9996,POSITIVE,"app easy to use, fast app, user friendly, app works well",0.8256436586380005,App Experience,high,53,zero-shot-bart-large-mnli,App Experience,auto_high_confidence
a very good app,5,2026-02-02 15:54:40,English,Positive,0.9999,POSITIVE,"app easy to use, fast app, user friendly, app works well",0.6195055842399597,App Experience,medium,15,zero-shot-bart-large-mnli,App Experience,keyword_rule
good app and good service,4,2026-02-01 15:14:23,English,Positive,0.9999,POSITIVE,"app easy to use, fast app, user friendly, app works well",0.4715240895748138,App Experience,medium,25,zero-shot-bart-large-mnli,App Experience,keyword_rule
"PickMe is a versatile and essential app for getting around Sri Lanka and ordering food or deliveries with ease. It combines ride-hailing, tuk-tuks, food delivery, and even logistics in one place, making it a great all-in-one solution for daily needs. Users appreciate the convenience of live driver tracking and flexible payment options",5,2026-01-30 10:01:36,English,Positive,0.9996,POSITIVE,"app easy to use, fast app, user friendly, app works well",0.7141993045806885,App Experience,high,336,zero-shot-bart-large-mnli,App Experience,auto_high_confidence
Very useful app,5,2026-01-27 09:11:49,English,Positive,0.9996,POSITIVE,"app easy to use, fast app, user friendly, app works well",0.6521872282028198,App Experience,high,15,zero-shot-bart-large-mnli,App Experience,auto_high_confidence
this is the very important app,5,2026-01-23 17:33:50,English,Positive,0.9997,POSITIVE,"polite driver, safe driving, professional driver, friendly driver",0.3197624087333679,Driver Service,low,30,zero-shot-bart-large-mnli,App Experience,keyword_rule
driver charged more than mentioned.,1,2026-01-22 14:28:06,English,Positive,0.9935,POSITIVE,"privacy, secure payments, account safety, trust",0.3848138749599457,Trust & Security,low,35,zero-shot-bart-large-mnli,Driver Service,keyword_rule
Best Service 😎👍,5,2026-01-21 00:36:18,English,Positive,0.9996,POSITIVE,"polite driver, safe driving, professional driver, friendly driver",0.3334648311138153,Driver Service,low,15,zero-shot-bart-large-mnli,Good Support,keyword_rule
very easy app.They are doing their best. keep it up the good work always!,4,2026-01-20 21:28:42,English,Positive,0.9999,POSITIVE,"app easy to use, fast app, user friendly, app works well",0.691350519657135,App Experience,high,73,zero-shot-bart-large-mnli,App Experience,auto_high_confidence
very useful application thanks !,5,2026-01-20 15:42:22,English,Positive,0.9998,POSITIVE,"app easy to use, fast app, user friendly, app works well",0.7544291019439697,App Experience,high,32,zero-shot-bart-large-mnli,App Experience,auto_high_confidence
Driver has Good P.R. and good carering passengers.,4,2026-01-16 14:26:40,English,Positive,0.9998,POSITIVE,"polite driver, safe driving, professional driver, friendly driver",0.8810547590255737,Driver Service,high,50,zero-shot-bart-large-mnli,Driver Service,auto_high_confidence
very good happy good service by Mr salaman,5,2026-01-14 06:39:56,English,Positive,0.9999,POSITIVE,"polite driver, safe driving, professional driver, friendly driver",0.6682142615318298,Driver Service,high,42,zero-shot-bart-large-mnli,Driver Service,auto_high_confidence
"PickMe rates are the best because they are affordable, transparent, and fair for customers. The pricing is clearly shown before booking, so there are no hidden charges. Compared to other services, PickMe offers good value for money with reliable drivers and quick service. This makes it a convenient and budget-friendly choice for daily travel.",5,2026-01-11 08:46:21,English,Positive,0.9992,POSITIVE,"polite driver, safe driving, professional driver, friendly driver",0.4124265015125274,Driver Service,low,344,zero-shot-bart-large-mnli,Fair Pricing,keyword_rule
"As far as I understand, I'm posting this as the best app I've ever seen. Keep up the good work Pickme. Much Love!!! ❤️",5,2026-01-08 17:50:03,English,Positive,0.9998,POSITIVE,"app easy to use, fast app, user friendly, app works well",0.5699052810668945,App Experience,medium,118,zero-shot-bart-large-mnli,App Experience,keyword_rule
"very nice , driving very safety.",5,2026-01-06 17:37:36,English,Positive,0.9998,POSITIVE,"polite driver, safe driving, professional driver, friendly driver",0.8618419170379639,Driver Service,high,32,zero-shot-bart-large-mnli,Driver Service,auto_high_confidence
its very safe and low budjet,5,2026-01-05 00:50:20,English,Positive,0.8392,POSITIVE,"polite driver, safe driving, professional driver, friendly driver",0.60700923204422,Driver Service,medium,28,zero-shot-bart-large-mnli,Driver Service,keyword_rule
Everything was well till last year. What's with the high prices? Huh?,3,2026-01-03 16:46:42,English,Positive,0.9706,POSITIVE,"polite driver, safe driving, professional driver, friendly driver",0.5400866866111755,Driver Service,medium,69,zero-shot-bart-large-mnli,Fair Pricing,keyword_rule
Excellent Actual price is far above the estimated value.,3,2026-01-02 15:33:18,English,Positive,0.9991,POSITIVE,"app easy to use, fast app, user friendly, app works well",0.3806729912757873,App Experience,low,56,zero-shot-bart-large-mnli,Fair Pricing,keyword_rule
"Absolutely, this app so useful and very easy to transpotation love you pick me ❤️❤️",5,2026-01-01 13:16:57,English,Positive,0.9995,POSITIVE,"app easy to use, fast app, user friendly, app works well",0.8977275490760803,App Experience,high,83,zero-shot-bart-large-mnli,App Experience,auto_high_confidence
"My heartfelt gratitude to Atastha for providing a comfortable and convenient journey at a very reasonable price❤️‍🔥🫂 There is now big news that some three-wheeler owners in Sri Lanka who are making money unfairly are protesting😅💔 The public is already giving you the strength to continue this service you are doing without giving up on anything. Don't be afraid of anything, we are always with you",5,2025-12-30 01:27:28,English,Positive,0.9997,POSITIVE,"fair pricing, cheap fares, transparent pricing, discounts, good value",0.4029544591903686,Fair Pricing,low,397,zero-shot-bart-large-mnli,Fair Pricing,keyword_rule
"I'm from k funny short films YouTube channel, like to travel worldwide,when i was visiting Sri Lanka i could use the app. It's working well with my IOS and Android ❤️",5,2025-12-27 17:10:11,English,Positive,0.9991,POSITIVE,"app easy to use, fast app, user friendly, app works well",0.8229357600212097,App Experience,high,166,zero-shot-bart-large-mnli,App Experience,auto_high_confidence
actually it is a good app than apps and the vehicles are more cheaper than the other vehicles,5,2025-12-26 15:46:36,English,Positive,0.9994,POSITIVE,"fair pricing, cheap fares, transparent pricing, discounts, good value",0.6317057013511658,Fair Pricing,medium,93,zero-shot-bart-large-mnli,App Experience,keyword_rule
very helpful app thanks,5,2025-12-26 10:34:25,English,Positive,0.9998,POSITIVE,"app easy to use, fast app, user friendly, app works well",0.5538848638534546,App Experience,medium,23,zero-shot-bart-large-mnli,App Experience,keyword_rule
Best Perform App Low Cost 👍,5,2025-12-23 21:10:00,English,Positive,0.899,POSITIVE,"fair pricing, cheap fares, transparent pricing, discounts, good value",0.4961519539356231,Fair Pricing,medium,27,zero-shot-bart-large-mnli,App Experience,keyword_rule
this very quick this is better then anchor apps,5,2025-12-19 19:56:32,English,Positive,0.8592,POSITIVE,"app easy to use, fast app, user friendly, app works well",0.6777746081352234,App Experience,high,47,zero-shot-bart-large-mnli,App Experience,auto_high_confidence
Very good app and easy to use👌,5,2025-12-19 12:03:09,English,Positive,0.9998,POSITIVE,"app easy to use, fast app, user friendly, app works well",0.6903102397918701,App Experience,high,30,zero-shot-bart-large-mnli,App Experience,auto_high_confidence
"akram was a honest person, he returned my house keys after 1 hrs. I can recommend him, hope all pick me driver will have the same honesty",5,2025-12-18 22:47:34,English,Positive,0.9993,POSITIVE,"helpful customer support, quick refund, good service",0.8508363962173462,Good Support,high,137,zero-shot-bart-large-mnli,Good Support,auto_high_confidence
This app is so good 👍😊,5,2025-12-16 17:20:50,English,Positive,0.9998,POSITIVE,"app easy to use, fast app, user friendly, app works well",0.601564347743988,App Experience,medium,22,zero-shot-bart-large-mnli,App Experience,keyword_rule
this is a super app,5,2025-12-15 08:22:56,English,Positive,0.9964,POSITIVE,"app easy to use, fast app, user friendly, app works well",0.6010441780090332,App Experience,medium,19,zero-shot-bart-large-mnli,App Experience,keyword_rule
very courteous driver. Clean vehicle.,5,2025-12-12 15:13:23,English,Positive,0.9995,POSITIVE,"polite driver, safe driving, professional driver, friendly driver",0.8785223960876465,Driver Service,high,37,zero-shot-bart-large-mnli,Driver Service,auto_high_confidence
He is driving the vehicle safely.,5,2025-12-12 12:41:49,English,Positive,0.9998,POSITIVE,"polite driver, safe driving, professional driver, friendly driver",0.8074130415916443,Driver Service,high,33,zero-shot-bart-large-mnli,Driver Service,auto_high_confidence
very good driver.,5,2025-12-11 18:20:12,English,Positive,0.9999,POSITIVE,"polite driver, safe driving, professional driver, friendly driver",0.6793253421783447,Driver Service,high,17,zero-shot-bart-large-mnli,Driver Service,auto_high_confidence
professional and peaceful drive,5,2025-12-11 17:10:56,English,Positive,0.9994,POSITIVE,"polite driver, safe driving, professional driver, friendly driver",0.8559882640838623,Driver Service,high,31,zero-shot-bart-large-mnli,Driver Service,auto_high_confidence
it is very important app,5,2025-12-10 13:51:33,English,Positive,0.9998,POSITIVE,"polite driver, safe driving, professional driver, friendly driver",0.3895646035671234,Driver Service,low,24,zero-shot-bart-large-mnli,App Experience,keyword_rule
the best app for tours,5,2025-12-10 08:10:08,English,Positive,0.9998,POSITIVE,"app easy to use, fast app, user friendly, app works well",0.4618283212184906,App Experience,medium,22,zero-shot-bart-large-mnli,App Experience,keyword_rule
this app is very nice,5,2025-12-09 12:34:26,English,Positive,0.9998,POSITIVE,"app easy to use, fast app, user friendly, app works well",0.5177544355392456,App Experience,medium,21,zero-shot-bart-large-mnli,App Experience,keyword_rule
helping to emergency time and good drivers. thanks pickme. plz increase to pickme drivers to Trincomalee. I love pickme.....❤️,5,2025-12-08 00:08:26,English,Positive,0.9997,POSITIVE,"polite driver, safe driving, professional driver, friendly driver",0.7897508144378662,Driver Service,high,126,zero-shot-bart-large-mnli,Driver Service,auto_high_confidence
"love the app , hands down the best app in Sri Lanka",5,2025-12-03 20:36:30,English,Positive,0.9998,POSITIVE,"app easy to use, fast app, user friendly, app works well",0.7243267893791199,App Experience,high,51,zero-shot-bart-large-mnli,App Experience,auto_high_confidence
"on time,friendly",5,2025-12-03 18:08:35,English,Positive,0.9998,POSITIVE,"polite driver, safe driving, professional driver, friendly driver",0.6531317830085754,Driver Service,high,16,zero-shot-bart-large-mnli,Driver Service,auto_high_confidence
"good rider, professional quality",4,2025-11-21 04:53:32,English,Positive,0.9999,POSITIVE,"polite driver, safe driving, professional driver, friendly driver",0.826202929019928,Driver Service,high,32,zero-shot-bart-large-mnli,Driver Service,auto_high_confidence
great service they provide for customers.,5,2025-11-19 19:04:14,English,Positive,0.9999,POSITIVE,"polite driver, safe driving, professional driver, friendly driver",0.3915873765945434,Driver Service,low,41,zero-shot-bart-large-mnli,Good Support,keyword_rule
Very good service provide,5,2025-11-19 11:13:06,English,Positive,0.9999,POSITIVE,"polite driver, safe driving, professional driver, friendly driver",0.4349264800548553,Driver Service,low,25,zero-shot-bart-large-mnli,Good Support,keyword_rule
very valuable and affordable,5,2025-11-18 16:17:13,English,Positive,0.9999,POSITIVE,"fair pricing, cheap fares, transparent pricing, discounts, good value",0.5701168179512024,Fair Pricing,medium,28,zero-shot-bart-large-mnli,Fair Pricing,keyword_rule
good app in sri lanka godd app,5,2025-11-17 20:28:54,English,Positive,0.9996,POSITIVE,"app easy to use, fast app, user friendly, app works well",0.5126489996910095,App Experience,medium,30,zero-shot-bart-large-mnli,App Experience,keyword_rule
I Love This App,5,2025-11-17 06:00:52,English,Positive,0.9999,POSITIVE,"app easy to use, fast app, user friendly, app works well",0.6624211668968201,App Experience,high,15,zero-shot-bart-large-mnli,App Experience,auto_high_confidence
Good transport service..,5,2025-11-14 16:11:20,English,Positive,0.9998,POSITIVE,"polite driver, safe driving, professional driver, friendly driver",0.5403282642364502,Driver Service,medium,24,zero-shot-bart-large-mnli,Good Support,keyword_rule
Best riding app in Sri Lanka 🇱🇰,5,2025-11-13 02:00:19,English,Positive,0.9995,POSITIVE,"app easy to use, fast app, user friendly, app works well",0.4127832651138305,App Experience,low,31,zero-shot-bart-large-mnli,App Experience,keyword_rule
everyday useful app,5,2025-11-12 07:28:28,English,Positive,0.9984,POSITIVE,"app easy to use, fast app, user friendly, app works well",0.7646304965019226,App Experience,high,19,zero-shot-bart-large-mnli,App Experience,auto_high_confidence
"on time arrived , friendly,",5,2025-11-12 00:12:49,English,Positive,0.9992,POSITIVE,"polite driver, safe driving, professional driver, friendly driver",0.6971849799156189,Driver Service,high,27,zero-shot-bart-large-mnli,Driver Service,auto_high_confidence
it's a great app I love it but the only reason is that when ordering from pick me foods there has to be at least 5000 cash limit. In some shops when we order at least one item the price goes over 2500 so please make sure to check with this. Overall the best app for rides and delivery items. love it. But please make sure to check on that pick me foods. At least 5000 cash limit.,5,2025-11-11 11:09:36,English,Positive,0.9993,POSITIVE,"app easy to use, fast app, user friendly, app works well",0.7661007046699524,App Experience,high,379,zero-shot-bart-large-mnli,App Experience,auto_high_confidence
so maybe use and play to find. really i liked than you dont wonton day to day data basically your could saved foray your galaxy gallery. be enjoy and keeping thus.,5,2025-11-11 08:24:01,English,Positive,0.9854,POSITIVE,"app easy to use, fast app, user friendly, app works well",0.6686108112335205,App Experience,high,163,zero-shot-bart-large-mnli,App Experience,auto_high_confidence
It's very reasonable price for me and saftu,3,2025-11-10 12:53:42,English,Positive,0.9803,POSITIVE,"fair pricing, cheap fares, transparent pricing, discounts, good value",0.7229723930358887,Fair Pricing,high,43,zero-shot-bart-large-mnli,Fair Pricing,auto_high_confidence
Excellent Service❤️,5,2025-11-09 09:41:22,English,Positive,0.9998,POSITIVE,"polite driver, safe driving, professional driver, friendly driver",0.4541942775249481,Driver Service,medium,19,zero-shot-bart-large-mnli,Good Support,keyword_rule
it is really helpful but the delivery charge is high otherwise no amy problems.highly recomended!!,5,2025-11-08 16:42:25,English,Positive,0.9897,POSITIVE,"helpful customer support, quick refund, good service",0.3546887636184692,Good Support,low,98,zero-shot-bart-large-mnli,Fast Delivery,keyword_rule
"polite, kind, and drives with care, respects the road rules and pedestrian.",5,2025-11-07 19:35:01,English,Positive,0.9997,POSITIVE,"polite driver, safe driving, professional driver, friendly driver",0.9811208844184875,Driver Service,high,75,zero-shot-bart-large-mnli,Driver Service,auto_high_confidence
Best app for travelling in Sri Lanka,5,2025-11-07 14:42:07,English,Positive,0.9988,POSITIVE,"app easy to use, fast app, user friendly, app works well",0.5395434498786926,App Experience,medium,36,zero-shot-bart-large-mnli,App Experience,keyword_rule
Good app. Please add dark mode option,5,2025-11-05 12:42:12,English,Positive,0.9991,POSITIVE,"app easy to use, fast app, user friendly, app works well",0.5889590382575989,App Experience,medium,37,zero-shot-bart-large-mnli,App Experience,keyword_rule
pickMe is Good App 😍,5,2025-11-04 10:47:19,English,Positive,0.9994,POSITIVE,"app easy to use, fast app, user friendly, app works well",0.5762600898742676,App Experience,medium,20,zero-shot-bart-large-mnli,App Experience,keyword_rule
Good driver .Dropped me in 30 mts time,5,2025-10-30 12:38:59,English,Positive,0.9993,POSITIVE,"polite driver, safe driving, professional driver, friendly driver",0.816332221031189,Driver Service,high,38,zero-shot-bart-large-mnli,Driver Service,auto_high_confidence
this app very helpful my travel's,5,2025-10-29 17:59:48,English,Positive,0.9976,POSITIVE,"app easy to use, fast app, user friendly, app works well",0.5626556277275085,App Experience,medium,33,zero-shot-bart-large-mnli,App Experience,keyword_rule
"Good driving ,polite and pleasant persanality",5,2025-10-29 10:05:53,English,Positive,0.9999,POSITIVE,"polite driver, safe driving, professional driver, friendly driver",0.9250075817108154,Driver Service,high,45,zero-shot-bart-large-mnli,Driver Service,auto_high_confidence
very good driver,5,2025-10-24 17:24:09,English,Positive,0.9999,POSITIVE,"polite driver, safe driving, professional driver, friendly driver",0.7318077683448792,Driver Service,high,16,zero-shot-bart-large-mnli,Driver Service,auto_high_confidence
it's very safety,5,2025-10-23 18:06:21,English,Positive,0.9947,POSITIVE,"polite driver, safe driving, professional driver, friendly driver",0.6278470754623413,Driver Service,medium,16,zero-shot-bart-large-mnli,Driver Service,keyword_rule
"Driver was polite,and drove safely. The vehicle was clean and comfortable. Very satisfied with the service.",5,2025-10-18 06:53:37,English,Positive,0.9998,POSITIVE,"polite driver, safe driving, professional driver, friendly driver",0.9270698428153992,Driver Service,high,107,zero-shot-bart-large-mnli,Driver Service,auto_high_confidence
"Very safe, good driving , came on time.",5,2025-10-16 22:38:10,English,Positive,0.9997,POSITIVE,"polite driver, safe driving, professional driver, friendly driver",0.8750605583190918,Driver Service,high,39,zero-shot-bart-large-mnli,Driver Service,auto_high_confidence
"Decent,careful driving",5,2025-10-16 11:48:43,English,Positive,0.9998,POSITIVE,"polite driver, safe driving, professional driver, friendly driver",0.9040214419364928,Driver Service,high,22,zero-shot-bart-large-mnli,Driver Service,auto_high_confidence
excellent service keep it up pickme,5,2025-10-15 20:43:41,English,Positive,0.9998,POSITIVE,"polite driver, safe driving, professional driver, friendly driver",0.5798060297966003,Driver Service,medium,35,zero-shot-bart-large-mnli,Good Support,keyword_rule
Happy with the prompt customer service to complaints.,4,2025-10-14 18:52:09,English,Positive,0.9998,POSITIVE,"helpful customer support, quick refund, good service",0.7499696016311646,Good Support,high,53,zero-shot-bart-large-mnli,Good Support,auto_high_confidence
Amazing customer service. Highly recommend.,5,2025-10-14 02:43:07,English,Positive,0.9999,POSITIVE,"polite driver, safe driving, professional driver, friendly driver",0.3744453191757202,Driver Service,low,43,zero-shot-bart-large-mnli,Good Support,keyword_rule
"thankss,,very helpful & easy to use ..",5,2025-10-09 22:09:17,English,Positive,0.9998,POSITIVE,"app easy to use, fast app, user friendly, app works well",0.4264383614063263,App Experience,low,38,zero-shot-bart-large-mnli,App Experience,keyword_rule
I have used this app so many times...it's good.,5,2025-10-01 15:36:04,English,Positive,0.9998,POSITIVE,"app easy to use, fast app, user friendly, app works well",0.6768918037414551,App Experience,high,47,zero-shot-bart-large-mnli,App Experience,auto_high_confidence
help. full driver.,5,2025-10-01 14:54:26,English,Positive,0.811,POSITIVE,"polite driver, safe driving, professional driver, friendly driver",0.643153190612793,Driver Service,medium,18,zero-shot-bart-large-mnli,Driver Service,keyword_rule
take care of ordering food.,1,2025-09-30 02:04:26,English,Positive,0.9656,POSITIVE,"app easy to use, fast app, user friendly, app works well",0.3284399807453155,App Experience,low,27,zero-shot-bart-large-mnli,Fast Delivery,keyword_rule
nice application good,5,2025-09-28 21:06:35,English,Positive,0.9999,POSITIVE,"app easy to use, fast app, user friendly, app works well",0.5173244476318359,App Experience,medium,21,zero-shot-bart-large-mnli,App Experience,keyword_rule
I all ways going trip with pickme It is very helpful when we are in a hurry.,3,2025-09-28 11:38:44,English,Positive,0.9972,POSITIVE,"app easy to use, fast app, user friendly, app works well",0.7800498604774475,App Experience,high,76,zero-shot-bart-large-mnli,App Experience,auto_high_confidence
i am happy with pick me app . verry easy to go any where thank you so much pick me 🙏❤️❤️,5,2025-09-27 18:16:35,English,Positive,0.9997,POSITIVE,"app easy to use, fast app, user friendly, app works well",0.7887886762619019,App Experience,high,88,zero-shot-bart-large-mnli,App Experience,auto_high_confidence
I highly recommend this app. Definitely more than Uber or any other app. At least these people are reliable and trustworthy.,5,2025-09-27 16:58:13,English,Positive,0.9998,POSITIVE,"polite driver, safe driving, professional driver, friendly driver",0.5178767442703247,Driver Service,medium,124,zero-shot-bart-large-mnli,App Experience,keyword_rule
"Pick me up – amazing team, very reasonable prices, and excellent service! Highly recommended",5,2025-09-25 08:51:08,English,Positive,0.9999,POSITIVE,"fair pricing, cheap fares, transparent pricing, discounts, good value",0.7067943215370178,Fair Pricing,high,92,zero-shot-bart-large-mnli,Fair Pricing,auto_high_confidence
this app is very usefull,5,2025-09-22 21:32:59,English,Positive,0.9981,POSITIVE,"app easy to use, fast app, user friendly, app works well",0.7282117009162903,App Experience,high,24,zero-shot-bart-large-mnli,App Experience,auto_high_confidence
Great!! On time to the movie..😀,5,2025-09-20 15:33:17,English,Positive,0.9999,POSITIVE,"polite driver, safe driving, professional driver, friendly driver",0.3680254817008972,Driver Service,low,31,zero-shot-bart-large-mnli,Fast Delivery,keyword_rule
pick me is the no 1 app in srilanka for riding and food deliver,5,2025-09-20 08:46:13,English,Positive,0.9959,POSITIVE,"app easy to use, fast app, user friendly, app works well",0.3140069842338562,App Experience,low,63,zero-shot-bart-large-mnli,Fast Delivery,keyword_rule
reasonable price,5,2025-09-19 20:15:12,English,Positive,0.9986,POSITIVE,"fair pricing, cheap fares, transparent pricing, discounts, good value",0.5478958487510681,Fair Pricing,medium,16,zero-shot-bart-large-mnli,Fair Pricing,keyword_rule
the sri lankan best app,5,2025-09-16 12:30:07,English,Positive,0.9997,POSITIVE,"app easy to use, fast app, user friendly, app works well",0.4889091253280639,App Experience,medium,23,zero-shot-bart-large-mnli,App Experience,keyword_rule
best driving app in 🇱🇰,5,2025-09-13 11:58:38,English,Positive,0.9992,POSITIVE,"polite driver, safe driving, professional driver, friendly driver",0.3571101725101471,Driver Service,low,22,zero-shot-bart-large-mnli,App Experience,keyword_rule
This one app very very useful for every time me,5,2025-09-12 00:42:10,English,Positive,0.9969,POSITIVE,"app easy to use, fast app, user friendly, app works well",0.7023289203643799,App Experience,high,47,zero-shot-bart-large-mnli,App Experience,auto_high_confidence
"timely arrival, knowledge of the area",5,2025-09-09 16:08:47,English,Positive,0.9998,POSITIVE,"polite driver, safe driving, professional driver, friendly driver",0.6472805142402649,Driver Service,medium,37,zero-shot-bart-large-mnli,Fast Delivery,keyword_rule
Good . but some of the drivers dnt know how to talk.,4,2025-09-08 18:51:25,English,Positive,0.9994,POSITIVE,"polite driver, safe driving, professional driver, friendly driver",0.411594808101654,Driver Service,low,52,zero-shot-bart-large-mnli,Driver Service,keyword_rule
"very friendly guy , cheers",5,2025-09-08 14:16:39,English,Positive,0.9998,POSITIVE,"polite driver, safe driving, professional driver, friendly driver",0.6917153596878052,Driver Service,high,26,zero-shot-bart-large-mnli,Driver Service,auto_high_confidence
he is a good driver and driving also good. very understanding person.,5,2025-09-07 09:46:06,English,Positive,0.9999,POSITIVE,"polite driver, safe driving, professional driver, friendly driver",0.9600260853767396,Driver Service,high,69,zero-shot-bart-large-mnli,Driver Service,auto_high_confidence
very good intelegant Driver.,5,2025-09-07 01:18:26,English,Positive,0.9998,POSITIVE,"polite driver, safe driving, professional driver, friendly driver",0.7233617305755615,Driver Service,high,28,zero-shot-bart-large-mnli,Driver Service,auto_high_confidence
great service 😊❤️✊,5,2025-09-05 17:08:01,English,Positive,0.9996,POSITIVE,"polite driver, safe driving, professional driver, friendly driver",0.4988651871681213,Driver Service,medium,18,zero-shot-bart-large-mnli,Good Support,keyword_rule
I am highly recommended. Very good customer service.,5,2025-09-04 17:04:41,English,Positive,0.9999,POSITIVE,"polite driver, safe driving, professional driver, friendly driver",0.6335287690162659,Driver Service,medium,52,zero-shot-bart-large-mnli,Good Support,keyword_rule
Excellent driver. Very knowledgable and friendly. I would like to give him a 100 out of 100.,5,2025-09-04 14:01:23,English,Positive,0.9998,POSITIVE,"polite driver, safe driving, professional driver, friendly driver",0.9425563216209412,Driver Service,high,92,zero-shot-bart-large-mnli,Driver Service,auto_high_confidence
It is a very easy and convenient app.,5,2025-09-02 20:01:12,English,Positive,0.9962,POSITIVE,"app easy to use, fast app, user friendly, app works well",0.7936317324638367,App Experience,high,37,zero-shot-bart-large-mnli,App Experience,auto_high_confidence
Very friendly and honest.,5,2025-09-02 17:55:19,English,Positive,0.9999,POSITIVE,"polite driver, safe driving, professional driver, friendly driver",0.5291247367858887,Driver Service,medium,25,zero-shot-bart-large-mnli,Driver Service,keyword_rule
"Convinient, friendly and punctual...👍",5,2025-08-31 20:22:19,English,Positive,0.9993,POSITIVE,"polite driver, safe driving, professional driver, friendly driver",0.6942804455757141,Driver Service,high,37,zero-shot-bart-large-mnli,Driver Service,auto_high_confidence
exceptionally good person,5,2025-08-29 22:14:17,English,Positive,0.9999,POSITIVE,"polite driver, safe driving, professional driver, friendly driver",0.6728375554084778,Driver Service,high,25,zero-shot-bart-large-mnli,Driver Service,auto_high_confidence
MY FIRST TIME 5 STAR APP POCK ME REALLY GOOD APP❤,5,2025-08-29 22:03:50,English,Positive,0.9984,POSITIVE,"app easy to use, fast app, user friendly, app works well",0.6449150443077087,App Experience,medium,49,zero-shot-bart-large-mnli,App Experience,keyword_rule
"This app is really good. once I use normal travels it get so much money, but when I know this it only take a little. I rate you a t stars good luck. ehenam kollo api giya.",5,2025-08-29 11:22:57,English,Positive,0.9953,POSITIVE,"app easy to use, fast app, user friendly, app works well",0.6646145582199097,App Experience,high,171,zero-shot-bart-large-mnli,App Experience,auto_high_confidence
Very Helpful App,5,2025-08-28 00:42:30,English,Positive,0.9997,POSITIVE,"app easy to use, fast app, user friendly, app works well",0.551291286945343,App Experience,medium,16,zero-shot-bart-large-mnli,App Experience,keyword_rule
veryy use full app i like,5,2025-08-27 13:03:59,English,Positive,0.9923,POSITIVE,"app easy to use, fast app, user friendly, app works well",0.3999243378639221,App Experience,low,25,zero-shot-bart-large-mnli,App Experience,keyword_rule
"excellent driving, clean car",5,2025-08-26 12:10:23,English,Positive,0.9999,POSITIVE,"polite driver, safe driving, professional driver, friendly driver",0.9611904621124268,Driver Service,high,28,zero-shot-bart-large-mnli,Driver Service,auto_high_confidence
"all good, the driver was polite and on time",5,2025-08-25 22:23:40,English,Positive,0.9997,POSITIVE,"polite driver, safe driving, professional driver, friendly driver",0.8678768873214722,Driver Service,high,43,zero-shot-bart-large-mnli,Driver Service,auto_high_confidence
"I got this very quickly, good & very safe travel",5,2025-08-25 11:04:32,English,Positive,0.9998,POSITIVE,"polite driver, safe driving, professional driver, friendly driver",0.4182705283164978,Driver Service,low,48,zero-shot-bart-large-mnli,Driver Service,keyword_rule
Good app very useful 👌,5,2025-08-24 18:32:30,English,Positive,0.9996,POSITIVE,"app easy to use, fast app, user friendly, app works well",0.6622887253761292,App Experience,high,22,zero-shot-bart-large-mnli,App Experience,auto_high_confidence
"I’ve had a great experience with PickMe! The app is easy to use, rides are convenient, and drivers are generally friendly and professional. Booking is quick, and I like the transparent pricing. Definitely worth 5 stars!",5,2025-08-21 21:17:08,English,Positive,0.9993,POSITIVE,"app easy to use, fast app, user friendly, app works well",0.7461483478546143,App Experience,high,219,zero-shot-bart-large-mnli,App Experience,auto_high_confidence
good driver and friendly,2,2025-08-21 14:06:13,English,Positive,0.9998,POSITIVE,"polite driver, safe driving, professional driver, friendly driver",0.7512337565422058,Driver Service,high,24,zero-shot-bart-large-mnli,Driver Service,auto_high_confidence
this app and her divers are not good but inside serilanka for helpful,3,2025-08-17 17:05:25,English,Positive,0.9968,POSITIVE,"polite driver, safe driving, professional driver, friendly driver",0.4652381241321563,Driver Service,medium,69,zero-shot-bart-large-mnli,App Experience,keyword_rule
wonderfully app,5,2025-08-15 05:40:22,English,Positive,0.9999,POSITIVE,"app easy to use, fast app, user friendly, app works well",0.6076632142066956,App Experience,medium,15,zero-shot-bart-large-mnli,App Experience,keyword_rule
pickme is good app .🥰,5,2025-08-11 19:57:29,English,Positive,0.9996,POSITIVE,"app easy to use, fast app, user friendly, app works well",0.5292438268661499,App Experience,medium,21,zero-shot-bart-large-mnli,App Experience,keyword_rule
best app in the world,5,2025-08-10 23:58:53,English,Positive,0.9995,POSITIVE,"app easy to use, fast app, user friendly, app works well",0.4851538240909576,App Experience,medium,21,zero-shot-bart-large-mnli,App Experience,keyword_rule
good service great job👍loved so much ❤️,5,2025-08-10 08:48:01,English,Positive,0.9998,POSITIVE,"polite driver, safe driving, professional driver, friendly driver",0.4453244209289551,Driver Service,low,39,zero-shot-bart-large-mnli,Good Support,keyword_rule
Very friendly driver. Was on time.,5,2025-08-05 10:41:33,English,Positive,0.9995,POSITIVE,"polite driver, safe driving, professional driver, friendly driver",0.899702787399292,Driver Service,high,34,zero-shot-bart-large-mnli,Driver Service,auto_high_confidence
very good driving and polite,1,2025-08-04 19:34:53,English,Positive,0.9999,POSITIVE,"polite driver, safe driving, professional driver, friendly driver",0.8975951671600342,Driver Service,high,28,zero-shot-bart-large-mnli,Driver Service,auto_high_confidence
"Welcome to PickMe! 🚖 Fast, safe, and reliable rides at your fingertips.",5,2025-08-03 23:41:39,English,Positive,0.9998,POSITIVE,"app easy to use, fast app, user friendly, app works well",0.507665753364563,App Experience,medium,71,zero-shot-bart-large-mnli,Driver Service,keyword_rule
Excellence driving and very friendly.🙏,5,2025-08-01 19:02:03,English,Positive,0.9999,POSITIVE,"polite driver, safe driving, professional driver, friendly driver",0.8985613584518433,Driver Service,high,38,zero-shot-bart-large-mnli,Driver Service,auto_high_confidence
polite and professio,5,2025-08-01 17:47:47,English,Positive,0.9978,POSITIVE,"polite driver, safe driving, professional driver, friendly driver",0.6405454277992249,Driver Service,medium,20,zero-shot-bart-large-mnli,Driver Service,keyword_rule
