review_text,rating,date,sentiment,suggested_category,category_confidence,confidence_band,corrected_category
price increased surge+charge every time 👎,1,2025-10-24 20:51:00,Positive,Fair Pricing,0.21899688243865967,low,
"driver always tells us different price, always higher",3,2026-02-07 22:33:49,Positive,Fair Pricing,0.2345103621482849,low,
bring the downloadable receipt option,4,2026-07-24 17:39:41,Positive,Fair Pricing,0.2453465610742569,low,
brilliant service 🔝,5,2026-06-21 20:34:15,Positive,App Experience,0.24994239211082458,low,
Care full cheating app helago is better than pickme,1,2026-03-26 03:52:07,Positive,Driver Service,0.25118488073349,low,
Day by day I can increase my income through pick me .,5,2026-06-07 16:36:18,Positive,Fair Pricing,0.25418776273727417,low,
thank you so much,5,2026-06-23 21:50:57,Positive,Driver Service,0.2549259662628174,low,
If you can't fix your drivers' attitude there's no future for this service. already uninstalled and happily stopped using. I will make sure to share my experiences with people around me.,1,2026-06-07 00:10:47,Positive,Driver Service,0.2577335238456726,low,
"East or West, Uber is the best. Pick me expensive",1,2025-10-17 17:52:35,Positive,App Experience,0.2583550810813904,low,
The best service for my urgent transportation needs. I would rate more than five if I could.,5,2025-08-30 15:56:34,Positive,App Experience,0.2856830656528473,low,
vehicle not coming poor price called,1,2025-10-06 12:56:42,Positive,Fair Pricing,0.2868351340293884,low,
"PickMe drivers rarely accept rides. Even when they do, they often cancel halfway through. This happens to me every single time. In my experience, Uber drivers are much more reliable than PickMe drivers.",1,2026-05-27 18:11:54,Positive,Driver Service,0.28990232944488525,low,
it is so useful in emergency,5,2026-01-04 19:29:35,Positive,Good Support,0.294687420129776,low,
Thank you so good,5,2025-08-24 08:55:52,Positive,Driver Service,0.3002287745475769,low,
the best way of getting to placed,5,2025-11-08 09:10:04,Positive,Driver Service,0.3018225133419037,low,
good for short range visit,5,2025-08-09 04:14:52,Positive,App Experience,0.30356737971305847,low,
pick me is the best platform to book a ride in srilanka,5,2026-01-26 12:25:07,Positive,App Experience,0.3088778853416443,low,
"Hi, PickMe is a good app unless meeting bad behaviour drivers, by the way, most drivers are good. One of of them is bad. Anyone can use without fear to get in taxi.",5,2025-10-25 19:56:33,Positive,App Experience,0.3122541010379791,low,
now the services is quite good,5,2026-05-16 10:37:10,Positive,App Experience,0.3127906322479248,low,
they are coming fast,5,2025-08-23 15:01:37,Positive,Fast Delivery,0.3131311535835266,low,
this gut helped,5,2026-06-28 10:31:08,Positive,App Experience,0.3139459490776062,low,
pick me is the no 1 app in srilanka for riding and food deliver,5,2025-09-20 08:46:13,Positive,App Experience,0.3140069842338562,low,
PAYEMENT HIGH RATED,1,2026-07-02 17:51:35,Positive,App Experience,0.31516656279563904,low,
wow i like to travel with pick me,5,2026-05-19 02:39:35,Positive,Driver Service,0.3167228698730469,low,
this is the very important app,5,2026-01-23 17:33:50,Positive,Driver Service,0.3197624087333679,low,
srilankan favorite travel partner,5,2026-04-01 03:25:26,Positive,Driver Service,0.31991225481033325,low,
Good app. I found it to consistently underestimate the cost of each trip.,4,2026-03-15 05:24:33,Positive,Fair Pricing,0.326440691947937,low,
very good services,5,2026-03-11 07:48:27,Positive,App Experience,0.32690978050231934,low,
I'm very happy with pickme. thank you.,4,2025-11-10 10:34:03,Positive,Driver Service,0.3280935287475586,low,
easy to transport,5,2026-03-19 11:21:58,Positive,App Experience,0.3283849358558655,low,
take care of ordering food.,1,2025-09-30 02:04:26,Positive,App Experience,0.32843998074531555,low,
thank you for the info,5,2025-08-01 22:38:04,Positive,Fair Pricing,0.3287363052368164,low,
prompt action taken,5,2026-03-01 13:50:10,Positive,App Experience,0.3315393328666687,low,
Best for everyone 🫶,5,2025-11-07 21:21:30,Positive,App Experience,0.33341625332832336,low,
Best Service 😎👍,5,2026-01-21 00:36:18,Positive,Driver Service,0.3334648311138153,low,
It used to be great. not anymore.,1,2025-11-11 11:28:38,Positive,Driver Service,0.33648255467414856,low,
love you pick me.,5,2026-02-06 14:19:57,Positive,Driver Service,0.33711469173431396,low,
"well, to catch a ride sure not bad. I recommend the verification method tho. the food delivery though, takes ages for them to get a delivery person so no food deliveries.",3,2026-05-26 18:38:28,Positive,Driver Service,0.34211093187332153,low,
eizy traveling 24 hours service,1,2026-06-29 17:39:49,Positive,Good Support,0.3430282175540924,low,
Good service reasonable charges and quick service,5,2026-07-19 05:31:19,Positive,Fair Pricing,0.3436722457408905,low,
It is very good,5,2026-08-11 11:47:32,Positive,App Experience,0.343940794467926,low,
Reliable Service,5,2026-03-31 11:36:10,Positive,Driver Service,0.3457508385181427,low,
"Late-night orders don't get picked up I've twice ordered past midnight this week. Both times the restaurant marked the food ""ready,"" I waited ~60 minutes, and no rider ever picked it up. You also can't cancel in-app. you have to call the hotline. After years with PickMe, this month has been very disappointing. Uber Eats has been faster, with a wider range and reliable 3 AM delivery.",1,2025-11-13 01:21:49,Positive,Trust & Security,0.3465385138988495,low,
very good option,5,2026-02-22 15:07:23,Positive,App Experience,0.3473758399486542,low,
Good service and reasonable charges,5,2025-12-07 15:10:49,Positive,Fair Pricing,0.3527520000934601,low,
fully satisfied with the journey,5,2025-09-29 09:47:30,Positive,App Experience,0.35354581475257874,low,
A best service. Thank you very much for it.,5,2026-06-19 10:09:13,Positive,Driver Service,0.3542620837688446,low,
it is really helpful but the delivery charge is high otherwise no amy problems.highly recomended!!,5,2025-11-08 16:42:25,Positive,Good Support,0.35468876361846924,low,
tnx u so much fantastic this apps country platform marketing this apps congratulations,5,2026-04-17 02:48:02,Positive,App Experience,0.3570012152194977,low,
best driving app in 🇱🇰,5,2025-09-13 11:58:38,Positive,Driver Service,0.3571101725101471,low,
i like pick me ❤️,5,2026-06-27 08:22:57,Positive,Driver Service,0.35951465368270874,low,
fast delivery and quality rides.💯👌,5,2026-06-27 20:56:59,Positive,Driver Service,0.361250102519989,low,
super .....wow......fantastic,5,2025-11-18 18:04:10,Positive,App Experience,0.3637923002243042,low,
valuable for me,5,2026-02-08 08:49:13,Positive,App Experience,0.3646746575832367,low,
It is good apps for sri lankan people meter vehicles are not profit,5,2025-11-26 18:08:58,Positive,App Experience,0.3652748167514801,low,
good morning day,4,2026-05-29 12:20:26,Positive,Driver Service,0.365629106760025,low,
Thank you for your generosity ❤️,5,2025-12-03 01:50:10,Positive,Fair Pricing,0.36761197447776794,low,
Great!! On time to the movie..😀,5,2025-09-20 15:33:17,Positive,Driver Service,0.3680254817008972,low,
Excellent. Very good Coordinator. thanks.,5,2026-01-23 11:56:04,Positive,App Experience,0.37132254242897034,low,
Good service and excellent customer service 👍 thanks,5,2026-04-21 00:43:43,Positive,Driver Service,0.3719552457332611,low,
Amazing customer service. Highly recommend.,5,2025-10-14 02:43:07,Positive,Driver Service,0.3744453191757202,low,
good more than road vehicles,5,2025-11-13 08:53:46,Positive,Driver Service,0.3755503296852112,low,
best for my works,5,2026-03-14 11:35:46,Positive,Driver Service,0.3774079978466034,low,
Good experience,5,2026-01-21 18:08:50,Positive,App Experience,0.3780747950077057,low,
it's very interesting,5,2026-02-22 16:31:17,Positive,Fair Pricing,0.3803052604198456,low,
Excellent Actual price is far above the estimated value.,3,2026-01-02 15:33:18,Positive,App Experience,0.38067299127578735,low,
"Good.,But Few Problems (account resetting )",4,2026-03-26 14:01:02,Positive,App Experience,0.38073965907096863,low,
"super, i always used my traveling partner 🥰",5,2026-08-11 22:16:35,Positive,Driver Service,0.38208550214767456,low,
vari good is oik me,5,2026-06-03 18:27:25,Positive,Driver Service,0.38213416934013367,low,
HAPPY RECOMMENDED ....👌👌,5,2026-07-05 20:55:47,Positive,Driver Service,0.3840358555316925,low,
driver charged more than mentioned.,1,2026-01-22 14:28:06,Positive,Trust & Security,0.3848138749599457,low,
better than average,4,2026-01-07 23:42:06,Positive,Driver Service,0.38889753818511963,low,
very convenient and reliable 👏,5,2026-03-24 15:12:02,Positive,App Experience,0.3891182839870453,low,
it is very important app,5,2025-12-10 13:51:33,Positive,Driver Service,0.3895646035671234,low,
very important app,5,2026-07-02 21:42:05,Positive,Driver Service,0.38983869552612305,low,
easy to use. Very helpful.rates are reasonable.,5,2025-10-12 09:25:29,Positive,Fair Pricing,0.39043527841567993,low,
great service they provide for customers.,5,2025-11-19 19:04:14,Positive,Driver Service,0.39158737659454346,low,
excellent very good appl,5,2026-08-01 21:05:36,Positive,App Experience,0.39251968264579773,low,
something very good,5,2025-08-15 13:58:04,Positive,App Experience,0.3932885229587555,low,
"Dear Team, I am writing to share a suggestion regarding your application's user experience. ""I request you to enhance the application in the future by incorporating Accessibility features, such as Screen Reader support, to ensure it is easily usable by visually impaired individuals. This will make the application a truly inclusive platform for everyone."" Implementing these features would greatly assist users who rely on assi",5,2026-02-04 19:04:42,Positive,Driver Service,0.3945856988430023,low,
so super excited good 👍👍👍👍👍👍,5,2026-03-02 00:22:40,Positive,App Experience,0.39512962102890015,low,
good experience,5,2025-11-07 10:01:50,Positive,App Experience,0.3976265490055084,low,
veryy use full app i like,5,2025-08-27 13:03:59,Positive,App Experience,0.3999243378639221,low,
this pick me app is so amazing.very help full.sometimes very cheap. but some times very expensive.🤔🤔🤔,5,2026-08-13 17:54:56,Positive,Good Support,0.4003092646598816,low,
"My heartfelt gratitude to Atastha for providing a comfortable and convenient journey at a very reasonable price❤️‍🔥🫂 There is now big news that some three-wheeler owners in Sri Lanka who are making money unfairly are protesting😅💔 The public is already giving you the strength to continue this service you are doing without giving up on anything. Don't be afraid of anything, we are always with you",5,2025-12-30 01:27:28,Positive,Fair Pricing,0.40295445919036865,low,
wery good service. l ❤️ PickMe,4,2026-04-05 07:11:10,Positive,Driver Service,0.40659084916114807,low,
good to see in Galle,4,2026-02-08 23:28:12,Positive,Driver Service,0.40855562686920166,low,
this is really helpful . i am from srilanka ... srilanka from matara why this app not available in my country.,5,2026-02-28 07:15:48,Positive,App Experience,0.4095647931098938,low,
no any complains yet but satisfied.,5,2025-09-06 00:06:27,Positive,Driver Service,0.4099530875682831,low,
highly recommended,5,2026-04-28 12:45:29,Positive,App Experience,0.4111136794090271,low,
Good . but some of the drivers dnt know how to talk.,4,2025-09-08 18:51:25,Positive,Driver Service,0.41159480810165405,low,
one of good service in sri lanka,5,2026-07-15 09:56:07,Positive,Driver Service,0.41221165657043457,low,
"PickMe rates are the best because they are affordable, transparent, and fair for customers. The pricing is clearly shown before booking, so there are no hidden charges. Compared to other services, PickMe offers good value for money with reliable drivers and quick service. This makes it a convenient and budget-friendly choice for daily travel.",5,2026-01-11 08:46:21,Positive,Driver Service,0.41242650151252747,low,
Best riding app in Sri Lanka 🇱🇰,5,2025-11-13 02:00:19,Positive,App Experience,0.41278326511383057,low,
Friendly & excellent service,5,2026-06-27 17:05:52,Positive,Driver Service,0.4135163724422455,low,
"I feel safe, and the service is fast.💙",5,2026-08-08 13:24:08,Positive,Driver Service,0.4151376485824585,low,
help to easy travel,5,2026-08-07 15:54:34,Positive,Driver Service,0.4153047204017639,low,
This app is good travelling supported,5,2026-03-02 16:13:34,Positive,App Experience,0.41549238562583923,low,
very good service,5,2026-04-03 23:16:24,Positive,Driver Service,0.4159761965274811,low,
pick me is veryfast⏩,5,2026-05-21 14:29:45,Positive,App Experience,0.41707444190979004,low,
"In my last trip my fare was 170/=, but the driver charged me 270/=. This should be considered critically.",1,2025-09-19 14:57:44,Positive,Trust & Security,0.4175039827823639,low,
"I got this very quickly, good & very safe travel",5,2025-08-25 11:04:32,Positive,Driver Service,0.4182705283164978,low,
Best pick app♥️,5,2026-08-11 11:21:55,Positive,App Experience,0.4206981658935547,low,
If you can add Diesel Three wheeler option It will be really helpful,4,2026-01-17 12:07:47,Positive,Driver Service,0.42158061265945435,low,
very fast and affordable,5,2026-02-05 23:22:33,Positive,App Experience,0.42368072271347046,low,
Everything perfect 👌 recommend for everyone 👍🏻,5,2026-04-02 15:56:57,Positive,App Experience,0.4247528314590454,low,
average satisfaction,3,2026-06-26 16:29:54,Positive,App Experience,0.42592474818229675,low,
"thankss,,very helpful & easy to use ..",5,2025-10-09 22:09:17,Positive,App Experience,0.4264383614063263,low,
this one very good 👍,5,2026-05-06 20:42:45,Positive,App Experience,0.42889612913131714,low,
good. easy to travel,5,2026-03-17 16:13:45,Positive,Driver Service,0.4301585853099823,low,
"Very useful, economicaland easy to find, thatwhy I like tjis service",5,2026-04-08 17:54:03,Positive,App Experience,0.43083110451698303,low,
very useful and good customer service,5,2026-03-10 21:58:18,Positive,App Experience,0.4316103160381317,low,
Canot update Pickme,1,2025-10-05 16:22:10,Positive,Driver Service,0.43440014123916626,low,
this is amegerncy service and I like this app,1,2025-12-25 20:55:37,Positive,Driver Service,0.43478304147720337,low,
Very good service provide,5,2025-11-19 11:13:06,Positive,Driver Service,0.43492648005485535,low,
Easy riding partner,5,2026-06-02 09:29:39,Positive,Driver Service,0.43519002199172974,low,
"I would like to report a bug, I'm using the latest version of the app. When I try to schedule a ride I can choose the date but I can't change the time. Please look into this.",1,2026-07-24 06:10:23,Positive,Driver Service,0.43566495180130005,low,
very good service....for srilankans..,5,2026-03-09 07:35:33,Positive,Driver Service,0.4357497990131378,low,
it's good service,5,2026-08-05 17:12:33,Positive,Driver Service,0.4374452829360962,low,
Trusted service,2,2026-07-16 08:19:18,Positive,Driver Service,0.4391864836215973,low,
no annoying ads,5,2025-12-26 07:48:47,Positive,Fair Pricing,0.4411936402320862,low,
great experience,5,2026-04-17 11:19:04,Positive,App Experience,0.44159814715385437,low,
very nice and easy,5,2025-11-11 19:25:00,Positive,Driver Service,0.443060040473938,low,
excellent service at a time like this,5,2026-03-28 13:25:27,Positive,Driver Service,0.4444736838340759,low,
good service great job👍loved so much ❤️,5,2025-08-10 08:48:01,Positive,Driver Service,0.4453244209289551,low,
"reasonable prices, and on time arrival",5,2026-02-12 12:05:33,Positive,Fair Pricing,0.44609948992729187,low,
VeRy good servic s,5,2025-10-02 08:56:56,Positive,Driver Service,0.4481751322746277,low,
the great app ever because of the service and the support teams response immediately to resolve the issue after discussing with both side. Sri Lanka best ride and transportation,5,2026-04-30 17:05:55,Positive,Good Support,0.4489767551422119,low,
excellent service,5,2026-06-20 16:55:09,Positive,Driver Service,0.45124077796936035,medium,
good experience.alwys helpful,2,2026-04-05 10:31:34,Positive,Driver Service,0.45303675532341003,medium,
This app is very useful...& Very reasonable.,5,2025-11-23 17:04:26,Positive,App Experience,0.4532417058944702,medium,
Excellent Service❤️,5,2025-11-09 09:41:22,Positive,Driver Service,0.4541942775249481,medium,
really very helpful.,5,2026-02-14 20:38:40,Positive,App Experience,0.4542087912559509,medium,
all are good but prices are higher than normal,3,2026-04-07 19:04:58,Positive,Driver Service,0.45493775606155396,medium,
sometimes good .sometimes very bad,3,2026-07-07 14:36:34,Positive,Driver Service,0.45551598072052,medium,
"Nice,comfortable and enjoyable",5,2026-06-08 16:11:42,Positive,Driver Service,0.45719367265701294,medium,
"simply the best coz they act according to "" passenger is always correct "" slogan",5,2025-10-22 02:05:58,Positive,Driver Service,0.45780378580093384,medium,
My Life My Rules 😎😎,5,2025-11-06 09:41:17,Positive,Driver Service,0.46061357855796814,medium,
This app best 💯👍,5,2026-05-04 22:07:48,Positive,App Experience,0.4606221318244934,medium,
very helpful ☺️,5,2026-02-14 22:44:58,Positive,Driver Service,0.46076685190200806,medium,
highly recommend,5,2025-08-07 21:09:22,Positive,App Experience,0.4617043435573578,medium,
the best app for tours,5,2025-12-10 08:10:08,Positive,App Experience,0.4618283212184906,medium,
this is good travel app💎,5,2026-03-12 14:46:09,Positive,App Experience,0.46317777037620544,medium,
this app and her divers are not good but inside serilanka for helpful,3,2025-08-17 17:05:25,Positive,Driver Service,0.46523812413215637,medium,
"very very very good,perfect",5,2026-05-03 23:18:41,Positive,Driver Service,0.4667143225669861,medium,
safety app 100%,5,2026-01-27 10:57:17,Positive,Driver Service,0.4672384262084961,medium,
"Working as a PickMe driver is a valuable experience. I meet different passengers daily and improve my communication skills. Income depends on trips, so some days are good and some are slow. Traffic and fuel costs are challenges, but flexible working hours are a big advantage.",5,2026-04-26 20:26:35,Positive,Driver Service,0.46924951672554016,medium,
Very comfortable,5,2026-08-03 19:46:39,Positive,App Experience,0.4695785939693451,medium,
good app and good service,4,2026-02-01 15:14:23,Positive,App Experience,0.47152408957481384,medium,
awesome gorgeous excellent wonderful well Experience Well Tallented Awesome DriverSanjayaawesome gorgeous excellent wonderful well Experience Well Tallented Awesome DriverSanjaya,5,2025-11-13 00:55:44,Positive,Driver Service,0.47578492760658264,medium,
Good services Some are mostly on time,5,2026-02-08 11:24:51,Positive,Driver Service,0.47667932510375977,medium,
Excellent service,5,2026-03-16 10:45:07,Positive,Driver Service,0.4787129759788513,medium,
it comfortable to me,1,2026-07-23 22:05:33,Positive,App Experience,0.479750394821167,medium,
salyarj laga rani,5,2025-08-27 03:35:44,Positive,Driver Service,0.48400187492370605,medium,
best app in the world,5,2025-08-10 23:58:53,Positive,App Experience,0.48515382409095764,medium,
excellent drivet,5,2026-01-24 07:05:38,Positive,Driver Service,0.48619937896728516,medium,
very good and reliable service,5,2026-05-22 21:02:07,Positive,Driver Service,0.4862290918827057,medium,
Great app easy to use as foriegner.,5,2026-07-25 11:32:41,Positive,App Experience,0.48804187774658203,medium,
Very Good servis,5,2025-08-24 20:07:28,Positive,Driver Service,0.4889064133167267,medium,
the sri lankan best app,5,2025-09-16 12:30:07,Positive,App Experience,0.48890912532806396,medium,
not delay good service,5,2026-03-12 11:14:00,Positive,Driver Service,0.49539458751678467,medium,
good and very supportive,4,2025-10-28 04:48:37,Positive,Driver Service,0.4957338571548462,medium,
Safety and useful app,5,2025-08-15 18:17:36,Positive,App Experience,0.49574825167655945,medium,
Best Perform App Low Cost 👍,5,2025-12-23 21:10:00,Positive,Fair Pricing,0.49615195393562317,medium,
best & ontime service,5,2025-08-23 22:29:41,Positive,Driver Service,0.4965517520904541,medium,
service is good,5,2026-04-08 10:15:03,Positive,Driver Service,0.49657198786735535,medium,
please upgrade your map and locations,5,2026-01-28 22:20:29,Positive,Driver Service,0.49880871176719666,medium,
great service 😊❤️✊,5,2025-09-05 17:08:01,Positive,Driver Service,0.49886518716812134,medium,
there is an update right when I need it most and i can't use it without updating. thanks,1,2026-06-30 12:54:43,Positive,Good Support,0.5028057098388672,medium,
super drive and beautiful,5,2026-07-31 15:50:45,Positive,Driver Service,0.5033526420593262,medium,
fast safe and clean ride,5,2026-02-11 18:52:01,Positive,Driver Service,0.5041131973266602,medium,
"Welcome to PickMe! 🚖 Fast, safe, and reliable rides at your fingertips.",5,2025-08-03 23:41:39,Positive,App Experience,0.507665753364563,medium,
This one is very great,5,2025-11-15 12:35:25,Positive,App Experience,0.5088212490081787,medium,
it's always useful,5,2025-08-03 15:10:56,Positive,App Experience,0.508904755115509,medium,
Super Sri Lankan Safe Flash App,5,2026-06-27 16:03:43,Positive,App Experience,0.5123839974403381,medium,
excellent 👌👍 helpful,5,2026-02-24 11:08:22,Positive,Driver Service,0.5124708414077759,medium,
good app in sri lanka godd app,5,2025-11-17 20:28:54,Positive,App Experience,0.5126489996910095,medium,
it is very good app fo transport,5,2026-07-31 20:18:20,Positive,App Experience,0.5140360593795776,medium,
Good and helpful,5,2025-11-21 15:13:18,Positive,Driver Service,0.5144622325897217,medium,
Pick me app is very good and very gentle performer but please educate the drivers (who are using this pick me in Batticaloa) to stop start the ride before pick up the passengers and asked the drivers to take the pick me rate only. it's will help us (passengers).,2,2026-03-17 15:03:47,Positive,App Experience,0.5144779086112976,medium,
the best taxi app ever,5,2026-02-22 20:00:22,Positive,App Experience,0.5167952179908752,medium,
usefull app💫 most recommended,5,2026-07-10 20:32:11,Positive,App Experience,0.5170669555664062,medium,
nice application good,5,2025-09-28 21:06:35,Positive,App Experience,0.5173244476318359,medium,
this app is very nice,5,2025-12-09 12:34:26,Positive,App Experience,0.5177544355392456,medium,
I highly recommend this app. Definitely more than Uber or any other app. At least these people are reliable and trustworthy.,5,2025-09-27 16:58:13,Positive,Driver Service,0.5178767442703247,medium,
good 👍 &fast app ⏩,5,2026-04-04 11:41:21,Positive,App Experience,0.5205020308494568,medium,
It's good and fair,5,2026-03-30 08:37:20,Positive,Driver Service,0.521040678024292,medium,
friendly & easy to use and very useful app,4,2026-05-20 10:53:27,Positive,App Experience,0.522996723651886,medium,
GOOD SERVICES AND REASONABLE CHARGES IN SRILANKA.,5,2026-04-22 23:36:44,Positive,Fair Pricing,0.5271244645118713,medium,
hey pickme can u add the ride vehicle colour cuz its easy to find the right vehicel,4,2025-12-15 17:29:05,Positive,App Experience,0.5287999510765076,medium,
Very friendly and honest.,5,2025-09-02 17:55:19,Positive,Driver Service,0.5291247367858887,medium,
pickme is good app .🥰,5,2025-08-11 19:57:29,Positive,App Experience,0.5292438268661499,medium,
great functionality!,5,2025-11-30 18:00:22,Positive,App Experience,0.5301511883735657,medium,
"Great app for taxi and food, huge saving and convenient",5,2026-06-21 16:49:11,Positive,App Experience,0.5337592959403992,medium,
good journey. always,4,2026-01-31 13:30:30,Positive,Driver Service,0.5349834561347961,medium,
"""Highly trusted, secure, and affordable. Congratulations!""",5,2026-05-19 08:06:28,Positive,Fair Pricing,0.5362361669540405,medium,
Best app for travelling in Sri Lanka,5,2025-11-07 14:42:07,Positive,App Experience,0.5395434498786926,medium,
Everything was well till last year. What's with the high prices? Huh?,3,2026-01-03 16:46:42,Positive,Driver Service,0.5400866866111755,medium,
Good transport service..,5,2025-11-14 16:11:20,Positive,Driver Service,0.5403282642364502,medium,
"Good,not bad but therenne are some lag spikes but no problem",4,2026-08-11 14:46:47,Positive,Driver Service,0.5434271097183228,medium,
well transportation,5,2026-08-13 11:51:06,Positive,Driver Service,0.5442371964454651,medium,
it's too helpful and awesome..... safe traveling. good conversation.. nice location. nice price level 👍🏻🤗,5,2026-05-15 20:39:22,Positive,Driver Service,0.5467047095298767,medium,
reasonable price,5,2025-09-19 20:15:12,Positive,Fair Pricing,0.5478958487510681,medium,
Very Helpful App,5,2025-08-28 00:42:30,Positive,App Experience,0.551291286945343,medium,
very quick in respond.,4,2025-12-11 12:53:03,Positive,App Experience,0.5514619946479797,medium,
very helpful app thanks,5,2025-12-26 10:34:25,Positive,App Experience,0.5538848638534546,medium,
superb & friendly app,5,2026-02-27 22:39:55,Positive,App Experience,0.5548213720321655,medium,
friendly driver,5,2026-03-17 00:25:18,Positive,Driver Service,0.5548218488693237,medium,
the e bill ricipt is very useful thanks for adding a feature like that,5,2026-07-02 09:49:39,Positive,Good Support,0.555801510810852,medium,
good app for all visitors,5,2026-03-25 21:57:42,Positive,App Experience,0.5561837553977966,medium,
it's the easy way to go to anywhere,5,2026-04-15 11:54:41,Positive,App Experience,0.5588363409042358,medium,
They sold me a ticket to a cancelled event and made little to no effort on refunding. Id never buy event tickets off this awful platform again. and id recommend y'all do the same.,1,2026-03-28 11:31:46,Positive,Good Support,0.5595386028289795,medium,
this app very helpful my travel's,5,2025-10-29 17:59:48,Positive,App Experience,0.5626556277275085,medium,
food Safe travels,5,2026-06-28 13:21:28,Positive,Driver Service,0.5661792755126953,medium,
this is good app,5,2026-03-29 14:49:23,Positive,App Experience,0.5678552389144897,medium,
"Actually pickme is a very important service in srilanka. and also it's very safety. on the other hand we can trust their service. I have gone many trips by pickme service. That experiences are not bad. and the drives are very safety ( I have met.) However I can to say, this is good service ❤️😎",5,2025-12-06 17:39:07,Positive,Driver Service,0.5680226683616638,medium,
"As far as I understand, I'm posting this as the best app I've ever seen. Keep up the good work Pickme. Much Love!!! ❤️",5,2026-01-08 17:50:03,Positive,App Experience,0.5699052810668945,medium,
very valuable and affordable,5,2025-11-18 16:17:13,Positive,Fair Pricing,0.5701168179512024,medium,
very easy 👌 and very convenient 👌,5,2026-03-21 18:20:28,Positive,App Experience,0.5705532431602478,medium,
"highly recommend 👌 very fast , and very like",5,2026-02-18 07:22:03,Positive,App Experience,0.5722739696502686,medium,
The App is Very Excellent,5,2026-03-28 18:32:52,Positive,App Experience,0.5729292035102844,medium,
so helpful to our busy life,4,2025-10-19 10:24:58,Positive,App Experience,0.5740693807601929,medium,
He's an exceptional person. left my cell phone in the car & he brought it back to me which I was so grateful for. gave him Rs500 for his kindness. but he refused to take it. so impressed with his qualities ❤️,5,2026-03-31 09:33:36,Positive,Good Support,0.5760485529899597,medium,
pickMe is Good App 😍,5,2025-11-04 10:47:19,Positive,App Experience,0.5762600898742676,medium,
excellent service keep it up pickme,5,2025-10-15 20:43:41,Positive,Driver Service,0.5798060297966003,medium,
Verry usefully app,5,2026-04-08 16:11:32,Positive,App Experience,0.5844120383262634,medium,
wadoda eldeniya charge,5,2025-12-24 23:19:54,Positive,Driver Service,0.5857584476470947,medium,
Good service 👍 pick me we ❤ this service,5,2026-04-10 12:05:10,Positive,Driver Service,0.586376428604126,medium,
Good app. Please add dark mode option,5,2025-11-05 12:42:12,Positive,App Experience,0.5889590382575989,medium,
on time and safe travel ensured with tracking facility,5,2026-03-28 18:03:59,Positive,Driver Service,0.5908592939376831,medium,
Very helpful and Timely. I use every day,5,2025-11-09 13:03:31,Positive,App Experience,0.5954186916351318,medium,
Driving is good.,5,2026-03-30 06:46:18,Positive,Driver Service,0.5987492203712463,medium,
this is a super app,5,2025-12-15 08:22:56,Positive,App Experience,0.6010441780090332,medium,
This app is so good 👍😊,5,2025-12-16 17:20:50,Positive,App Experience,0.601564347743988,medium,
"Don't like thing is each and very time when use the app they says to update so last directing to playstore drove me to rate 3 stars, other things are really good service is highly recommend",3,2025-09-01 06:54:37,Positive,App Experience,0.6031163334846497,medium,
customer service and problem solving is topnotch comparing to other organizations...👍 keep it up and thank you!,5,2026-02-19 00:09:12,Positive,Good Support,0.6050031781196594,medium,
Great 👍 I love this App,5,2026-04-08 02:11:20,Positive,App Experience,0.60533607006073,medium,
its very safe and low budjet,5,2026-01-05 00:50:20,Positive,Driver Service,0.60700923204422,medium,
wonderfully app,5,2025-08-15 05:40:22,Positive,App Experience,0.6076632142066956,medium,
a very good app,5,2026-02-02 15:54:40,Positive,App Experience,0.6195055842399597,medium,
It is so safe 🤍,5,2026-08-13 20:39:00,Positive,Driver Service,0.6205653548240662,medium,
i appreciate this app,4,2026-04-05 12:42:43,Positive,App Experience,0.6219242215156555,medium,
it's very safety,5,2025-10-23 18:06:21,Positive,Driver Service,0.6278470754623413,medium,
this app very helpful,4,2026-08-12 09:44:07,Positive,App Experience,0.6287182569503784,medium,
very good friendly service app good service,5,2026-01-30 08:27:54,Positive,App Experience,0.63059002161026,medium,
actually it is a good app than apps and the vehicles are more cheaper than the other vehicles,5,2025-12-26 15:46:36,Positive,Fair Pricing,0.6317057013511658,medium,
I am highly recommended. Very good customer service.,5,2025-09-04 17:04:41,Positive,Driver Service,0.6335287690162659,medium,
polite and professio,5,2025-08-01 17:47:47,Positive,Driver Service,0.6405454277992249,medium,
one of the best app,1,2026-05-28 14:18:32,Positive,App Experience,0.6410198211669922,medium,
Very polite driver.,5,2026-03-11 08:06:12,Positive,Driver Service,0.6416491270065308,medium,
Nice app gives fair price for the passenger ❤️,5,2026-06-15 14:23:42,Positive,Fair Pricing,0.6417002081871033,medium,
help. full driver.,5,2025-10-01 14:54:26,Positive,Driver Service,0.643153190612793,medium,
"I had great experience with pick me.booking is fast,customer service is also good.vehicle drivers are so friendly.fast & superb.great app",5,2025-10-13 16:07:23,Positive,Driver Service,0.6442456841468811,medium,
MY FIRST TIME 5 STAR APP POCK ME REALLY GOOD APP❤,5,2025-08-29 22:03:50,Positive,App Experience,0.6449150443077087,medium,
"timely arrival, knowledge of the area",5,2025-09-09 16:08:47,Positive,Driver Service,0.6472805142402649,medium,
